,Method,Value,model
0,MOSNA,0.8714520547945206,gradual
1,UTAG,0.6487899578610007,gradual
2,CellCharter,0.6006338028169014,gradual
3,BayesSpace,0.20293333333333335,gradual
4,SquidPy,0.36531401395617585,gradual
5,StLearn,0.36531401395617585,gradual
6,imcRtools,0.6818566409645519,gradual
7,Neighborhood,1.0,gradual
